planner,env_seed,run,seed,obstacle_seed,resample_attempt,termination_mode,time_limit_per_leg,success,solve_time_s,simplify_time_s,total_time_s,total_length_se3,total_length_xyz
RRTConnect,0,0,12345,0,0,first_solution,1.000,1,0.001213,0.000949,0.002162,32.113992,24.863475
PRMstar,0,0,12345,0,0,first_solution,1.000,1,5.007531,0.000611,5.008142,29.144939,24.509716
RRTstar,0,0,12345,0,0,first_solution,1.000,1,5.000829,0.000475,5.001305,28.099785,25.099415
BITstar,0,0,12345,0,0,first_solution,1.000,1,4.042320,0.000784,4.043104,29.452175,24.502970
RRTConnect,0,1,13345,0,0,first_solution,1.000,1,0.000857,0.000840,0.001697,41.217847,31.975564
PRMstar,0,1,13345,0,0,first_solution,1.000,1,5.007088,0.000823,5.007910,29.941691,24.353814
RRTstar,0,1,13345,0,0,first_solution,1.000,1,5.001626,0.000586,5.002212,28.091338,24.622985
BITstar,0,1,13345,0,0,first_solution,1.000,1,4.029093,0.000638,4.029730,27.169904,24.548314
RRTConnect,0,2,14345,0,0,first_solution,1.000,1,0.006254,0.001087,0.007341,47.677745,36.645488
PRMstar,0,2,14345,0,0,first_solution,1.000,1,5.007546,0.000637,5.008183,28.467275,25.017397
RRTstar,0,2,14345,0,0,first_solution,1.000,1,5.001123,0.000558,5.001681,28.070680,24.887783
BITstar,0,2,14345,0,0,first_solution,1.000,1,4.137138,0.000766,4.137904,30.408069,24.617918
RRTConnect,0,3,15345,0,0,first_solution,1.000,1,0.000671,0.001165,0.001835,32.892685,24.774914
PRMstar,0,3,15345,0,0,first_solution,1.000,1,5.007640,0.000597,5.008237,28.320971,24.465348
RRTstar,0,3,15345,0,0,first_solution,1.000,1,5.001032,0.000589,5.001622,27.735496,24.742472
BITstar,0,3,15345,0,0,first_solution,1.000,1,4.002822,0.000744,4.003565,29.160008,24.796452
RRTConnect,0,4,16345,0,0,first_solution,1.000,1,0.001636,0.001088,0.002724,42.599975,33.672750
PRMstar,0,4,16345,0,0,first_solution,1.000,1,5.008412,0.000694,5.009106,29.227699,24.680766
RRTstar,0,4,16345,0,0,first_solution,1.000,1,5.001074,0.000626,5.001700,28.445865,24.730468
BITstar,0,4,16345,0,0,first_solution,1.000,1,4.053796,0.000664,4.054460,27.919340,24.787529
RRTConnect,0,5,17345,0,0,first_solution,1.000,1,0.000674,0.000866,0.001541,33.567304,26.666576
PRMstar,0,5,17345,0,0,first_solution,1.000,1,5.007007,0.000649,5.007656,28.706532,24.588897
RRTstar,0,5,17345,0,0,first_solution,1.000,1,5.001241,0.000632,5.001874,29.032143,24.695107
BITstar,0,5,17345,0,0,first_solution,1.000,1,4.017369,0.000777,4.018145,27.867936,24.431661
RRTConnect,0,6,18345,0,0,first_solution,1.000,1,0.001074,0.000793,0.001868,34.729088,27.716561
PRMstar,0,6,18345,0,0,first_solution,1.000,1,5.007128,0.000636,5.007764,28.683318,24.849569
RRTstar,0,6,18345,0,0,first_solution,1.000,1,5.001055,0.000545,5.001600,27.538955,24.571002
BITstar,0,6,18345,0,0,first_solution,1.000,1,4.037365,0.000632,4.037997,27.941368,24.679271
RRTConnect,0,7,19345,0,0,first_solution,1.000,1,0.001647,0.001113,0.002760,42.715240,32.738806
PRMstar,0,7,19345,0,0,first_solution,1.000,1,5.008108,0.002388,5.010496,28.799221,24.881982
RRTstar,0,7,19345,0,0,first_solution,1.000,1,5.001169,0.000529,5.001698,28.257574,24.632280
BITstar,0,7,19345,0,0,first_solution,1.000,1,4.000392,0.000748,4.001140,30.994523,25.514863
RRTConnect,0,8,20345,0,0,first_solution,1.000,1,0.000956,0.001160,0.002116,50.582617,36.351052
PRMstar,0,8,20345,0,0,first_solution,1.000,1,5.007821,0.000570,5.008391,28.069619,24.376357
RRTstar,0,8,20345,0,0,first_solution,1.000,1,5.000913,0.000602,5.001516,27.639224,24.572260
BITstar,0,8,20345,0,0,first_solution,1.000,1,4.045126,0.000674,4.045800,28.404346,24.469051
RRTConnect,0,9,21345,0,0,first_solution,1.000,1,0.003417,0.000645,0.004062,30.619056,25.411844
PRMstar,0,9,21345,0,0,first_solution,1.000,1,5.007882,0.000756,5.008638,28.995221,24.422434
RRTstar,0,9,21345,0,0,first_solution,1.000,1,5.001098,0.009461,5.010559,28.223422,24.785804
BITstar,0,9,21345,0,0,first_solution,1.000,1,4.001816,0.000843,4.002658,30.019381,24.697567
RRTConnect,0,10,22345,0,0,first_solution,1.000,1,0.000771,0.000899,0.001671,45.169127,36.696329
PRMstar,0,10,22345,0,0,first_solution,1.000,1,5.008023,0.000822,5.008845,28.643393,24.849705
RRTstar,0,10,22345,0,0,first_solution,1.000,1,5.001528,0.000525,5.002053,29.222095,25.165889
BITstar,0,10,22345,0,0,first_solution,1.000,1,4.000396,0.000624,4.001020,27.293014,24.928441
RRTConnect,0,11,23345,0,0,first_solution,1.000,1,0.000892,0.000904,0.001796,34.370425,26.696447
PRMstar,0,11,23345,0,0,first_solution,1.000,1,5.007332,0.000779,5.008112,28.490429,24.707673
RRTstar,0,11,23345,0,0,first_solution,1.000,1,5.001111,0.000601,5.001712,28.557468,24.512788
BITstar,0,11,23345,0,0,first_solution,1.000,1,4.000343,0.000717,4.001060,28.325183,24.700002
RRTConnect,0,12,24345,0,0,first_solution,1.000,1,0.001157,0.000695,0.001852,32.694620,26.758210
PRMstar,0,12,24345,0,0,first_solution,1.000,1,5.007513,0.000592,5.008105,28.900402,25.254759
RRTstar,0,12,24345,0,0,first_solution,1.000,1,5.000886,0.000636,5.001522,28.562717,24.650124
BITstar,0,12,24345,0,0,first_solution,1.000,1,4.000686,0.000629,4.001315,28.679405,25.253011
RRTConnect,0,13,25345,0,0,first_solution,1.000,1,0.000784,0.000954,0.001738,45.063474,34.813025
PRMstar,0,13,25345,0,0,first_solution,1.000,1,5.007516,0.000677,5.008193,28.701479,24.813969
RRTstar,0,13,25345,0,0,first_solution,1.000,1,5.002290,0.002245,5.004534,29.099026,24.758973
BITstar,0,13,25345,0,0,first_solution,1.000,1,4.010806,0.000678,4.011485,29.083917,24.805406
RRTConnect,0,14,26345,0,0,first_solution,1.000,1,0.002118,0.000777,0.002895,34.648092,25.985371
PRMstar,0,14,26345,0,0,first_solution,1.000,1,5.006061,0.000487,5.006548,28.446423,24.408665
RRTstar,0,14,26345,0,0,first_solution,1.000,1,5.001493,0.000548,5.002041,27.636272,24.654115
BITstar,0,14,26345,0,0,first_solution,1.000,1,4.008493,0.000600,4.009092,27.726603,24.981194
RRTConnect,0,15,27345,0,0,first_solution,1.000,1,0.001531,0.001128,0.002659,56.471606,43.936513
PRMstar,0,15,27345,0,0,first_solution,1.000,1,5.007717,0.000563,5.008280,27.643417,24.658072
RRTstar,0,15,27345,0,0,first_solution,1.000,1,5.001462,0.000475,5.001937,27.827255,24.614293
BITstar,0,15,27345,0,0,first_solution,1.000,1,4.148467,0.000648,4.149115,28.454335,24.663788
RRTConnect,0,16,28345,0,0,first_solution,1.000,1,0.000526,0.000771,0.001297,30.738237,25.332932
PRMstar,0,16,28345,0,0,first_solution,1.000,1,5.007589,0.000577,5.008166,27.667728,24.598797
RRTstar,0,16,28345,0,0,first_solution,1.000,1,5.000698,0.009337,5.010035,28.236273,24.780566
BITstar,0,16,28345,0,0,first_solution,1.000,1,4.025492,0.000631,4.026123,27.638942,24.498021
RRTConnect,0,17,29345,0,0,first_solution,1.000,1,0.001014,0.000892,0.001906,45.085903,34.070547
PRMstar,0,17,29345,0,0,first_solution,1.000,1,5.008232,0.000658,5.008889,28.877775,25.173248
RRTstar,0,17,29345,0,0,first_solution,1.000,1,5.001490,0.000635,5.002125,28.498055,24.788679
BITstar,0,17,29345,0,0,first_solution,1.000,1,4.022355,0.000682,4.023037,27.124376,24.463510
RRTConnect,0,18,30345,0,0,first_solution,1.000,1,0.000474,0.000796,0.001270,39.315504,31.837342
PRMstar,0,18,30345,0,0,first_solution,1.000,1,5.007592,0.000597,5.008189,28.015894,24.991717
RRTstar,0,18,30345,0,0,first_solution,1.000,1,5.001836,0.000610,5.002446,27.948530,24.854476
BITstar,0,18,30345,0,0,first_solution,1.000,1,4.015040,0.000672,4.015713,28.933227,24.686697
RRTConnect,0,19,31345,0,0,first_solution,1.000,1,0.000554,0.000573,0.001127,30.157006,25.292819
PRMstar,0,19,31345,0,0,first_solution,1.000,1,5.007225,0.000717,5.007942,29.068491,24.629535
RRTstar,0,19,31345,0,0,first_solution,1.000,1,5.001426,0.000500,5.001926,27.844898,24.775095
BITstar,0,19,31345,0,0,first_solution,1.000,1,4.042005,0.000705,4.042710,28.299970,24.765065
RRTConnect,1,0,112345,1000000,0,first_solution,1.000,1,0.001198,0.000874,0.002072,42.712273,32.268162
PRMstar,1,0,112345,1000000,0,first_solution,1.000,1,5.006281,0.000563,5.006844,30.475009,24.367721
RRTstar,1,0,112345,1000000,0,first_solution,1.000,1,5.001722,0.000561,5.002283,29.210424,25.663112
BITstar,1,0,112345,1000000,0,first_solution,1.000,1,4.024658,0.000659,4.025317,29.994764,24.760690
RRTConnect,1,1,113345,1000000,0,first_solution,1.000,1,0.003344,0.000945,0.004288,43.220348,32.540674
PRMstar,1,1,113345,1000000,0,first_solution,1.000,1,5.007654,0.000717,5.008372,30.237816,24.962504
RRTstar,1,1,113345,1000000,0,first_solution,1.000,1,5.000659,0.000713,5.001372,30.686635,25.227335
BITstar,1,1,113345,1000000,0,first_solution,1.000,1,4.032372,0.000647,4.033019,28.649231,25.100929
RRTConnect,1,2,114345,1000000,0,first_solution,1.000,1,0.002456,0.001025,0.003481,48.344388,35.208453
PRMstar,1,2,114345,1000000,0,first_solution,1.000,1,5.007745,0.009498,5.017243,30.207548,24.673018
RRTstar,1,2,114345,1000000,0,first_solution,1.000,1,5.001995,0.000635,5.002630,29.735708,24.856679
BITstar,1,2,114345,1000000,0,first_solution,1.000,1,4.005974,0.000696,4.006670,29.147930,24.443606
RRTConnect,1,3,115345,1000000,0,first_solution,1.000,1,0.001983,0.001063,0.003046,41.638678,31.690170
PRMstar,1,3,115345,1000000,0,first_solution,1.000,1,5.006312,0.000743,5.007054,30.242521,24.693201
RRTstar,1,3,115345,1000000,0,first_solution,1.000,1,5.001370,0.000650,5.002020,29.365100,25.451972
BITstar,1,3,115345,1000000,0,first_solution,1.000,1,4.060362,0.000711,4.061074,29.705710,24.616288
RRTConnect,1,4,116345,1000000,0,first_solution,1.000,1,0.002594,0.000847,0.003442,32.719031,26.519094
PRMstar,1,4,116345,1000000,0,first_solution,1.000,1,5.006454,0.000679,5.007133,28.048760,24.465393
RRTstar,1,4,116345,1000000,0,first_solution,1.000,1,5.001120,0.000661,5.001781,30.690288,25.248204
BITstar,1,4,116345,1000000,0,first_solution,1.000,1,4.049984,0.000671,4.050655,28.394861,24.630484
RRTConnect,1,5,117345,1000000,0,first_solution,1.000,1,0.001384,0.001342,0.002727,45.806436,32.924678
PRMstar,1,5,117345,1000000,0,first_solution,1.000,1,5.008263,0.000570,5.008833,32.437524,24.686929
RRTstar,1,5,117345,1000000,0,first_solution,1.000,1,5.001184,0.000630,5.001814,29.428967,25.211870
BITstar,1,5,117345,1000000,0,first_solution,1.000,1,4.079523,0.000737,4.080260,31.165729,24.497286
RRTConnect,1,6,118345,1000000,0,first_solution,1.000,1,0.001446,0.001218,0.002664,47.457266,32.661602
PRMstar,1,6,118345,1000000,0,first_solution,1.000,1,5.006443,0.000679,5.007122,28.497435,24.432627
RRTstar,1,6,118345,1000000,0,first_solution,1.000,1,5.001412,0.000707,5.002118,37.440487,31.699930
BITstar,1,6,118345,1000000,0,first_solution,1.000,1,4.048237,0.000688,4.048925,28.339730,24.363064
RRTConnect,1,7,119345,1000000,0,first_solution,1.000,1,0.001618,0.000917,0.002535,43.298023,33.068706
PRMstar,1,7,119345,1000000,0,first_solution,1.000,1,5.007470,0.000720,5.008190,29.800321,24.260177
RRTstar,1,7,119345,1000000,0,first_solution,1.000,1,5.000995,0.000603,5.001598,29.837702,24.576569
BITstar,1,7,119345,1000000,0,first_solution,1.000,1,4.079767,0.000854,4.080621,30.042571,24.362952
RRTConnect,1,8,120345,1000000,0,first_solution,1.000,1,0.003441,0.001080,0.004521,40.870383,33.251707
PRMstar,1,8,120345,1000000,0,first_solution,1.000,1,5.008032,0.000617,5.008648,29.473848,24.519338
RRTstar,1,8,120345,1000000,0,first_solution,1.000,1,5.001718,0.000737,5.002455,30.865445,25.609714
BITstar,1,8,120345,1000000,0,first_solution,1.000,1,4.067879,0.000708,4.068587,29.430622,24.356605
RRTConnect,1,9,121345,1000000,0,first_solution,1.000,1,0.001358,0.000902,0.002260,47.483414,38.108858
PRMstar,1,9,121345,1000000,0,first_solution,1.000,1,5.007888,0.009725,5.017613,30.086291,24.722578
RRTstar,1,9,121345,1000000,0,first_solution,1.000,1,5.001226,0.000735,5.001961,30.524315,24.375937
BITstar,1,9,121345,1000000,0,first_solution,1.000,1,4.044374,0.000715,4.045089,29.732216,24.778579
RRTConnect,1,10,122345,1000000,0,first_solution,1.000,1,0.001243,0.000916,0.002159,41.064827,33.036372
PRMstar,1,10,122345,1000000,0,first_solution,1.000,1,5.008125,0.000658,5.008783,29.109985,24.819758
RRTstar,1,10,122345,1000000,0,first_solution,1.000,1,5.001538,0.002306,5.003844,29.687284,25.146157
BITstar,1,10,122345,1000000,0,first_solution,1.000,1,4.000349,0.000742,4.001091,30.465220,25.333245
RRTConnect,1,11,123345,1000000,0,first_solution,1.000,1,0.002787,0.000914,0.003701,41.544912,32.080550
PRMstar,1,11,123345,1000000,0,first_solution,1.000,1,5.006614,0.000635,5.007249,27.624873,24.384000
RRTstar,1,11,123345,1000000,0,first_solution,1.000,1,5.001842,0.000597,5.002439,29.298161,24.727160
BITstar,1,11,123345,1000000,0,first_solution,1.000,1,4.021952,0.000666,4.022619,28.653335,24.338231
RRTConnect,1,12,124345,1000000,0,first_solution,1.000,1,0.001610,0.000828,0.002437,41.397309,33.377268
PRMstar,1,12,124345,1000000,0,first_solution,1.000,1,5.007745,0.000621,5.008366,27.878793,24.323525
RRTstar,1,12,124345,1000000,0,first_solution,1.000,1,5.002130,0.000583,5.002713,27.819776,24.322683
BITstar,1,12,124345,1000000,0,first_solution,1.000,1,4.000321,0.000598,4.000919,28.443158,24.637501
RRTConnect,1,13,125345,1000000,0,first_solution,1.000,1,0.001956,0.001241,0.003197,41.263482,31.433119
PRMstar,1,13,125345,1000000,0,first_solution,1.000,1,5.008368,0.000770,5.009138,29.469745,24.600926
RRTstar,1,13,125345,1000000,0,first_solution,1.000,1,5.001535,0.000696,5.002232,28.238297,24.282717
BITstar,1,13,125345,1000000,0,first_solution,1.000,1,4.000342,0.000808,4.001150,31.003458,24.564493
RRTConnect,1,14,126345,1000000,0,first_solution,1.000,1,0.007086,0.001155,0.008241,47.764596,35.172025
PRMstar,1,14,126345,1000000,0,first_solution,1.000,1,5.007128,0.000649,5.007776,29.433829,24.511613
RRTstar,1,14,126345,1000000,0,first_solution,1.000,1,5.001306,0.000613,5.001920,29.144302,25.316463
BITstar,1,14,126345,1000000,0,first_solution,1.000,1,4.050603,0.000767,4.051371,28.341047,24.326960
RRTConnect,1,15,127345,1000000,0,first_solution,1.000,1,0.004015,0.001159,0.005174,44.036336,32.714279
PRMstar,1,15,127345,1000000,0,first_solution,1.000,1,5.006395,0.000636,5.007031,28.262447,24.660777
RRTstar,1,15,127345,1000000,0,first_solution,1.000,1,5.000811,0.000589,5.001399,29.326218,24.527002
BITstar,1,15,127345,1000000,0,first_solution,1.000,1,4.018697,0.000730,4.019427,29.098073,25.018439
RRTConnect,1,16,128345,1000000,0,first_solution,1.000,1,0.001451,0.000908,0.002359,42.231317,31.786404
PRMstar,1,16,128345,1000000,0,first_solution,1.000,1,5.008498,0.000700,5.009198,30.236070,24.897956
RRTstar,1,16,128345,1000000,0,first_solution,1.000,1,5.001887,0.000643,5.002531,28.623230,24.689216
BITstar,1,16,128345,1000000,0,first_solution,1.000,1,4.050722,0.000729,4.051452,29.508638,24.810311
RRTConnect,1,17,129345,1000000,0,first_solution,1.000,1,0.001129,0.001013,0.002142,45.239218,34.841965
PRMstar,1,17,129345,1000000,0,first_solution,1.000,1,5.007876,0.000531,5.008407,29.031532,24.714199
RRTstar,1,17,129345,1000000,0,first_solution,1.000,1,5.001586,0.000758,5.002344,30.928135,24.797850
BITstar,1,17,129345,1000000,0,first_solution,1.000,1,4.039688,0.000685,4.040372,29.263304,24.467171
RRTConnect,1,18,130345,1000000,0,first_solution,1.000,1,0.000543,0.001060,0.001603,42.583376,32.830977
PRMstar,1,18,130345,1000000,0,first_solution,1.000,1,5.007147,0.000662,5.007809,28.239714,24.232120
RRTstar,1,18,130345,1000000,0,first_solution,1.000,1,5.001297,0.000644,5.001941,29.507739,25.534369
BITstar,1,18,130345,1000000,0,first_solution,1.000,1,4.106080,0.000756,4.106836,30.111963,24.251339
RRTConnect,1,19,131345,1000000,0,first_solution,1.000,1,0.002289,0.000976,0.003265,46.210711,35.725852
PRMstar,1,19,131345,1000000,0,first_solution,1.000,1,5.007471,0.000649,5.008120,29.551182,24.642559
RRTstar,1,19,131345,1000000,0,first_solution,1.000,1,5.002120,0.000646,5.002765,29.476139,24.740665
BITstar,1,19,131345,1000000,0,first_solution,1.000,1,4.010430,0.000628,4.011058,28.985385,25.869133
RRTConnect,2,0,212345,2000000,0,first_solution,1.000,1,0.000453,0.000656,0.001109,33.505545,26.140730
PRMstar,2,0,212345,2000000,0,first_solution,1.000,1,5.007829,0.000400,5.008230,28.194634,24.643532
RRTstar,2,0,212345,2000000,0,first_solution,1.000,1,5.001372,0.000409,5.001781,27.186607,24.474167
BITstar,2,0,212345,2000000,0,first_solution,1.000,1,3.082068,0.000614,3.082683,27.792939,24.336219
RRTConnect,2,1,213345,2000000,0,first_solution,1.000,1,0.001672,0.000947,0.002619,33.553998,24.655064
PRMstar,2,1,213345,2000000,0,first_solution,1.000,1,5.007776,0.009363,5.017139,27.337845,24.258879
RRTstar,2,1,213345,2000000,0,first_solution,1.000,1,5.001561,0.009379,5.010940,28.142677,24.270169
BITstar,2,1,213345,2000000,0,first_solution,1.000,1,3.065718,0.000574,3.066292,28.075836,24.429085
RRTConnect,2,2,214345,2000000,0,first_solution,1.000,1,0.000531,0.000764,0.001294,39.484360,32.798186
PRMstar,2,2,214345,2000000,0,first_solution,1.000,1,5.005550,0.000494,5.006044,28.383654,24.259498
RRTstar,2,2,214345,2000000,0,first_solution,1.000,1,5.001333,0.002124,5.003458,28.121896,24.801086
BITstar,2,2,214345,2000000,0,first_solution,1.000,1,3.000643,0.000496,3.001139,27.105412,24.554806
RRTConnect,2,3,215345,2000000,0,first_solution,1.000,1,0.001066,0.001108,0.002174,41.649319,32.460785
PRMstar,2,3,215345,2000000,0,first_solution,1.000,1,5.007582,0.000526,5.008108,27.557875,24.308385
RRTstar,2,3,215345,2000000,0,first_solution,1.000,1,5.002238,0.000570,5.002808,28.207040,24.856879
BITstar,2,3,215345,2000000,0,first_solution,1.000,1,3.011705,0.000535,3.012240,27.512183,24.582509
RRTConnect,2,4,216345,2000000,0,first_solution,1.000,1,0.003665,0.000987,0.004652,32.066389,26.071906
PRMstar,2,4,216345,2000000,0,first_solution,1.000,1,5.005838,0.000543,5.006381,28.039898,24.505648
RRTstar,2,4,216345,2000000,0,first_solution,1.000,1,5.001285,0.000466,5.001751,26.857393,24.476334
BITstar,2,4,216345,2000000,0,first_solution,1.000,1,3.052642,0.000485,3.053127,27.291225,24.249200
RRTConnect,2,5,217345,2000000,0,first_solution,1.000,1,0.000679,0.000886,0.001565,38.997022,32.042592
PRMstar,2,5,217345,2000000,0,first_solution,1.000,1,5.007866,0.000552,5.008418,27.682334,24.437332
RRTstar,2,5,217345,2000000,0,first_solution,1.000,1,5.001724,0.000485,5.002210,27.945628,24.351049
BITstar,2,5,217345,2000000,0,first_solution,1.000,1,3.084841,0.000599,3.085441,28.388458,24.530143
RRTConnect,2,6,218345,2000000,0,first_solution,1.000,1,0.001431,0.001039,0.002470,40.328649,33.281644
PRMstar,2,6,218345,2000000,0,first_solution,1.000,1,5.008041,0.000554,5.008596,29.235645,24.488916
RRTstar,2,6,218345,2000000,0,first_solution,1.000,1,5.001804,0.000547,5.002351,27.574848,24.331699
BITstar,2,6,218345,2000000,0,first_solution,1.000,1,3.049939,0.000570,3.050509,26.713132,24.219190
RRTConnect,2,7,219345,2000000,0,first_solution,1.000,1,0.002566,0.000830,0.003396,31.591156,25.907639
PRMstar,2,7,219345,2000000,0,first_solution,1.000,1,5.006303,0.000541,5.006843,27.797421,24.874960
RRTstar,2,7,219345,2000000,0,first_solution,1.000,1,5.001971,0.000597,5.002568,27.628077,24.665155
BITstar,2,7,219345,2000000,0,first_solution,1.000,1,3.018909,0.000585,3.019494,28.075818,24.791626
RRTConnect,2,8,220345,2000000,0,first_solution,1.000,1,0.001600,0.000909,0.002509,31.448446,25.453822
PRMstar,2,8,220345,2000000,0,first_solution,1.000,1,5.007903,0.000644,5.008547,28.501640,24.478064
RRTstar,2,8,220345,2000000,0,first_solution,1.000,1,5.001394,0.000415,5.001808,26.086055,24.111563
BITstar,2,8,220345,2000000,0,first_solution,1.000,1,3.050303,0.000514,3.050818,27.350166,24.362229
RRTConnect,2,9,221345,2000000,0,first_solution,1.000,1,0.000434,0.000666,0.001101,35.840201,31.955615
PRMstar,2,9,221345,2000000,0,first_solution,1.000,1,5.007196,0.000432,5.007627,27.210915,24.146769
RRTstar,2,9,221345,2000000,0,first_solution,1.000,1,5.001573,0.000550,5.002122,28.447639,24.118126
BITstar,2,9,221345,2000000,0,first_solution,1.000,1,3.044284,0.000566,3.044850,26.996489,24.276471
RRTConnect,2,10,222345,2000000,0,first_solution,1.000,1,0.000725,0.000664,0.001389,31.591241,25.457641
PRMstar,2,10,222345,2000000,0,first_solution,1.000,1,5.007474,0.000585,5.008058,29.709921,24.200852
RRTstar,2,10,222345,2000000,0,first_solution,1.000,1,5.001385,0.002375,5.003760,27.480384,24.213524
BITstar,2,10,222345,2000000,0,first_solution,1.000,1,3.000344,0.000555,3.000899,28.548989,24.231143
RRTConnect,2,11,223345,2000000,0,first_solution,1.000,1,0.002508,0.000790,0.003297,37.194954,31.207335
PRMstar,2,11,223345,2000000,0,first_solution,1.000,1,5.007336,0.000672,5.008008,28.553593,24.138597
RRTstar,2,11,223345,2000000,0,first_solution,1.000,1,5.001354,0.000448,5.001802,26.970674,24.535560
BITstar,2,11,223345,2000000,0,first_solution,1.000,1,3.046004,0.000456,3.046460,26.798500,24.672614
RRTConnect,2,12,224345,2000000,0,first_solution,1.000,1,0.001646,0.001106,0.002753,42.076206,32.119591
PRMstar,2,12,224345,2000000,0,first_solution,1.000,1,5.004770,0.000506,5.005276,27.329230,24.573477
RRTstar,2,12,224345,2000000,0,first_solution,1.000,1,5.001473,0.000476,5.001949,27.081735,24.304391
BITstar,2,12,224345,2000000,0,first_solution,1.000,1,3.078939,0.000617,3.079556,28.861088,24.244111
RRTConnect,2,13,225345,2000000,0,first_solution,1.000,1,0.001091,0.000969,0.002060,33.393211,26.072091
PRMstar,2,13,225345,2000000,0,first_solution,1.000,1,5.007869,0.000597,5.008467,28.810495,24.455511
RRTstar,2,13,225345,2000000,0,first_solution,1.000,1,5.001830,0.000456,5.002285,25.787898,24.458228
BITstar,2,13,225345,2000000,0,first_solution,1.000,1,3.038344,0.000555,3.038899,27.820368,24.471697
RRTConnect,2,14,226345,2000000,0,first_solution,1.000,1,0.000532,0.000883,0.001416,32.486773,25.293071
PRMstar,2,14,226345,2000000,0,first_solution,1.000,1,5.007645,0.000719,5.008364,29.203800,24.224029
RRTstar,2,14,226345,2000000,0,first_solution,1.000,1,5.001618,0.000565,5.002182,28.249759,24.534021
BITstar,2,14,226345,2000000,0,first_solution,1.000,1,3.015798,0.000633,3.016431,29.564511,24.226013
RRTConnect,2,15,227345,2000000,0,first_solution,1.000,1,0.001091,0.000695,0.001787,32.091929,27.189936
PRMstar,2,15,227345,2000000,0,first_solution,1.000,1,5.006841,0.009404,5.016246,27.503747,25.052178
RRTstar,2,15,227345,2000000,0,first_solution,1.000,1,5.001023,0.000580,5.001603,28.022654,24.392423
BITstar,2,15,227345,2000000,0,first_solution,1.000,1,3.018591,0.009215,3.027806,26.997935,24.430580
RRTConnect,2,16,228345,2000000,0,first_solution,1.000,1,0.001013,0.000978,0.001991,40.795405,31.649715
PRMstar,2,16,228345,2000000,0,first_solution,1.000,1,5.006932,0.000557,5.007488,27.992259,24.298288
RRTstar,2,16,228345,2000000,0,first_solution,1.000,1,5.001768,0.000474,5.002242,26.411574,24.413865
BITstar,2,16,228345,2000000,0,first_solution,1.000,1,3.145059,0.000509,3.145568,26.565492,24.322123
RRTConnect,2,17,229345,2000000,0,first_solution,1.000,1,0.000922,0.000911,0.001833,33.060598,25.826278
PRMstar,2,17,229345,2000000,0,first_solution,1.000,1,5.007320,0.000525,5.007845,29.591287,25.331992
RRTstar,2,17,229345,2000000,0,first_solution,1.000,1,5.001697,0.000359,5.002056,27.555749,24.750506
BITstar,2,17,229345,2000000,0,first_solution,1.000,1,3.062021,0.000526,3.062548,27.246973,24.374116
RRTConnect,2,18,230345,2000000,0,first_solution,1.000,1,0.002301,0.001170,0.003471,38.012894,31.162861
PRMstar,2,18,230345,2000000,0,first_solution,1.000,1,5.007664,0.000503,5.008167,27.315002,24.337653
RRTstar,2,18,230345,2000000,0,first_solution,1.000,1,5.002100,0.000552,5.002652,27.223022,24.277907
BITstar,2,18,230345,2000000,0,first_solution,1.000,1,3.044990,0.000605,3.045595,27.318787,24.345922
RRTConnect,2,19,231345,2000000,0,first_solution,1.000,1,0.002686,0.000945,0.003631,32.550238,26.490694
PRMstar,2,19,231345,2000000,0,first_solution,1.000,1,5.006862,0.000376,5.007238,27.808879,24.501545
RRTstar,2,19,231345,2000000,0,first_solution,1.000,1,5.009471,0.000617,5.010088,28.798484,24.075346
BITstar,2,19,231345,2000000,0,first_solution,1.000,1,3.003668,0.000459,3.004128,27.575099,24.486853
RRTConnect,3,0,312345,3000000,0,first_solution,1.000,1,0.003079,0.000680,0.003759,37.428691,33.124342
PRMstar,3,0,312345,3000000,0,first_solution,1.000,1,5.007061,0.000185,5.007246,25.968517,24.995719
RRTstar,3,0,312345,3000000,0,first_solution,1.000,1,5.001416,0.000271,5.001687,25.533043,24.955896
BITstar,3,0,312345,3000000,0,first_solution,1.000,1,1.033177,0.000166,1.033343,25.954200,24.981283
RRTConnect,3,1,313345,3000000,0,first_solution,1.000,1,0.001433,0.000633,0.002066,27.474806,24.667472
PRMstar,3,1,313345,3000000,0,first_solution,1.000,1,5.007811,0.000188,5.007999,26.420461,24.766313
RRTstar,3,1,313345,3000000,0,first_solution,1.000,1,5.002070,0.000432,5.002502,25.782260,24.901970
BITstar,3,1,313345,3000000,0,first_solution,1.000,1,1.000276,0.000191,1.000467,26.295657,24.671751
RRTConnect,3,2,314345,3000000,0,first_solution,1.000,1,0.008468,0.000869,0.009336,28.145344,25.630545
PRMstar,3,2,314345,3000000,0,first_solution,1.000,1,5.007463,0.000165,5.007629,26.479237,25.057646
RRTstar,3,2,314345,3000000,0,first_solution,1.000,1,5.001348,0.000361,5.001709,26.880754,25.523440
BITstar,3,2,314345,3000000,0,first_solution,1.000,1,1.000246,0.000218,1.000464,26.099732,24.651725
RRTConnect,3,3,315345,3000000,0,first_solution,1.000,1,0.004542,0.000764,0.005306,28.075260,24.915011
PRMstar,3,3,315345,3000000,0,first_solution,1.000,1,5.005953,0.000241,5.006194,26.762877,24.495254
RRTstar,3,3,315345,3000000,0,first_solution,1.000,1,5.001262,0.000298,5.001560,25.955200,25.154565
BITstar,3,3,315345,3000000,0,first_solution,1.000,1,1.000305,0.000237,1.000542,26.204086,24.904918
RRTConnect,3,4,316345,3000000,0,first_solution,1.000,1,0.001137,0.000676,0.001813,26.899992,24.760114
PRMstar,3,4,316345,3000000,0,first_solution,1.000,1,5.007283,0.000188,5.007471,26.574317,25.533634
RRTstar,3,4,316345,3000000,0,first_solution,1.000,1,5.001889,0.000325,5.002214,25.663176,24.925823
BITstar,3,4,316345,3000000,0,first_solution,1.000,1,1.025020,0.000170,1.025190,25.758232,24.875130
RRTConnect,3,5,317345,3000000,0,first_solution,1.000,1,0.002334,0.000720,0.003055,28.159725,25.023947
PRMstar,3,5,317345,3000000,0,first_solution,1.000,1,5.007805,0.000207,5.008012,26.299067,24.633218
RRTstar,3,5,317345,3000000,0,first_solution,1.000,1,5.002349,0.000415,5.002764,26.686602,24.963675
BITstar,3,5,317345,3000000,0,first_solution,1.000,1,1.000270,0.000254,1.000524,26.138708,24.706692
RRTConnect,3,6,318345,3000000,0,first_solution,1.000,1,0.000629,0.000795,0.001424,36.181288,32.258490
PRMstar,3,6,318345,3000000,0,first_solution,1.000,1,5.007569,0.000228,5.007797,25.831780,24.730519
RRTstar,3,6,318345,3000000,0,first_solution,1.000,1,5.001108,0.000408,5.001516,26.630106,24.888669
BITstar,3,6,318345,3000000,0,first_solution,1.000,1,1.008636,0.000207,1.008843,26.164217,24.668073
RRTConnect,3,7,319345,3000000,0,first_solution,1.000,1,0.002441,0.000656,0.003097,28.535387,25.199954
PRMstar,3,7,319345,3000000,0,first_solution,1.000,1,5.007731,0.000167,5.007898,26.204438,25.076521
RRTstar,3,7,319345,3000000,0,first_solution,1.000,1,5.001578,0.000392,5.001970,25.811445,24.864554
BITstar,3,7,319345,3000000,0,first_solution,1.000,1,1.000287,0.000178,1.000465,25.943476,24.851806
RRTConnect,3,8,320345,3000000,0,first_solution,1.000,1,0.011300,0.000884,0.012184,38.559914,32.880386
PRMstar,3,8,320345,3000000,0,first_solution,1.000,1,5.007109,0.000302,5.007412,25.868517,24.233591
RRTstar,3,8,320345,3000000,0,first_solution,1.000,1,5.001786,0.000361,5.002147,25.809644,24.854542
BITstar,3,8,320345,3000000,0,first_solution,1.000,1,1.000256,0.000238,1.000493,26.856772,24.830860
RRTConnect,3,9,321345,3000000,0,first_solution,1.000,1,0.002210,0.000703,0.002913,28.516542,25.152212
PRMstar,3,9,321345,3000000,0,first_solution,1.000,1,5.006497,0.000171,5.006667,25.946834,25.005392
RRTstar,3,9,321345,3000000,0,first_solution,1.000,1,5.001108,0.000266,5.001374,25.697253,24.842504
BITstar,3,9,321345,3000000,0,first_solution,1.000,1,1.000275,0.000200,1.000475,26.371911,24.955355
RRTConnect,3,10,322345,3000000,0,first_solution,1.000,1,0.002910,0.000753,0.003662,35.544978,33.514363
PRMstar,3,10,322345,3000000,0,first_solution,1.000,1,5.007430,0.000193,5.007623,25.782140,24.654421
RRTstar,3,10,322345,3000000,0,first_solution,1.000,1,5.001317,0.000271,5.001588,25.470886,24.814536
BITstar,3,10,322345,3000000,0,first_solution,1.000,1,1.000230,0.000233,1.000464,27.802223,25.140160
RRTConnect,3,11,323345,3000000,0,first_solution,1.000,1,0.006662,0.000703,0.007364,35.729729,33.143751
PRMstar,3,11,323345,3000000,0,first_solution,1.000,1,5.007176,0.000211,5.007387,26.631985,24.871455
RRTstar,3,11,323345,3000000,0,first_solution,1.000,1,5.001620,0.000348,5.001968,26.079293,24.752047
BITstar,3,11,323345,3000000,0,first_solution,1.000,1,1.000243,0.000202,1.000445,26.701157,24.898212
RRTConnect,3,12,324345,3000000,0,first_solution,1.000,1,0.001447,0.000548,0.001995,28.312800,25.255302
PRMstar,3,12,324345,3000000,0,first_solution,1.000,1,5.007291,0.000225,5.007516,25.874678,24.829571
RRTstar,3,12,324345,3000000,0,first_solution,1.000,1,5.001320,0.000460,5.001780,26.459059,24.867569
BITstar,3,12,324345,3000000,0,first_solution,1.000,1,1.000246,0.000172,1.000418,25.975498,25.017731
RRTConnect,3,13,325345,3000000,0,first_solution,1.000,1,0.005168,0.000992,0.006160,37.991877,32.794610
PRMstar,3,13,325345,3000000,0,first_solution,1.000,1,5.007213,0.000226,5.007439,27.203523,24.887041
RRTstar,3,13,325345,3000000,0,first_solution,1.000,1,5.001270,0.000400,5.001671,26.638249,24.948983
BITstar,3,13,325345,3000000,0,first_solution,1.000,1,1.000266,0.000203,1.000469,27.211363,24.958684
RRTConnect,3,14,326345,3000000,0,first_solution,1.000,1,0.001289,0.000762,0.002051,37.267547,32.312274
PRMstar,3,14,326345,3000000,0,first_solution,1.000,1,5.007367,0.000237,5.007604,26.992131,24.430467
RRTstar,3,14,326345,3000000,0,first_solution,1.000,1,5.001929,0.000326,5.002255,25.812652,24.698107
BITstar,3,14,326345,3000000,0,first_solution,1.000,1,1.047413,0.000255,1.047668,26.617785,24.398501
RRTConnect,3,15,327345,3000000,0,first_solution,1.000,1,0.000766,0.000727,0.001493,28.213747,25.576510
PRMstar,3,15,327345,3000000,0,first_solution,1.000,1,5.008212,0.000187,5.008399,25.451054,24.669148
RRTstar,3,15,327345,3000000,0,first_solution,1.000,1,5.001377,0.000377,5.001754,26.217227,24.868384
BITstar,3,15,327345,3000000,0,first_solution,1.000,1,1.086883,0.000266,1.087149,26.026271,24.631073
RRTConnect,3,16,328345,3000000,0,first_solution,1.000,1,0.003643,0.000718,0.004361,29.311961,25.217345
PRMstar,3,16,328345,3000000,0,first_solution,1.000,1,5.007956,0.000239,5.008195,26.391189,24.529394
RRTstar,3,16,328345,3000000,0,first_solution,1.000,1,5.002015,0.000398,5.002413,25.787201,24.861776
BITstar,3,16,328345,3000000,0,first_solution,1.000,1,1.000251,0.000236,1.000488,26.368985,24.848657
RRTConnect,3,17,329345,3000000,0,first_solution,1.000,1,0.002383,0.000742,0.003126,37.136005,33.203443
PRMstar,3,17,329345,3000000,0,first_solution,1.000,1,5.007567,0.000248,5.007815,26.863901,24.368858
RRTstar,3,17,329345,3000000,0,first_solution,1.000,1,5.001231,0.000375,5.001606,26.643537,25.022979
BITstar,3,17,329345,3000000,0,first_solution,1.000,1,1.000259,0.000252,1.000511,28.418614,24.953077
RRTConnect,3,18,330345,3000000,0,first_solution,1.000,1,0.001307,0.000823,0.002130,38.755810,33.057154
PRMstar,3,18,330345,3000000,0,first_solution,1.000,1,5.006275,0.000195,5.006470,26.828141,25.122117
RRTstar,3,18,330345,3000000,0,first_solution,1.000,1,5.001381,0.000265,5.001646,25.778648,24.932567
BITstar,3,18,330345,3000000,0,first_solution,1.000,1,1.000240,0.000190,1.000430,26.433895,25.152319
RRTConnect,3,19,331345,3000000,0,first_solution,1.000,1,0.005552,0.000941,0.006493,39.996580,34.461765
PRMstar,3,19,331345,3000000,0,first_solution,1.000,1,5.005138,0.000160,5.005297,25.157401,24.243678
RRTstar,3,19,331345,3000000,0,first_solution,1.000,1,5.001160,0.000758,5.001918,26.139317,25.234895
BITstar,3,19,331345,3000000,0,first_solution,1.000,1,1.000270,0.000245,1.000514,27.144300,24.726882
RRTConnect,4,0,412345,4000000,0,first_solution,1.000,1,0.001290,0.000720,0.002010,36.491449,31.895268
PRMstar,4,0,412345,4000000,0,first_solution,1.000,1,5.007812,0.000377,5.008188,27.814381,25.161551
RRTstar,4,0,412345,4000000,0,first_solution,1.000,1,5.001989,0.000434,5.002424,28.331515,25.283423
BITstar,4,0,412345,4000000,0,first_solution,1.000,1,2.043771,0.000412,2.044183,35.530459,31.670551
RRTConnect,4,1,413345,4000000,0,first_solution,1.000,1,0.001890,0.000843,0.002733,39.245469,32.401628
PRMstar,4,1,413345,4000000,0,first_solution,1.000,1,5.007900,0.000412,5.008312,29.640955,25.412897
RRTstar,4,1,413345,4000000,0,first_solution,1.000,1,5.001464,0.000452,5.001916,34.139124,32.008529
BITstar,4,1,413345,4000000,0,first_solution,1.000,1,2.000386,0.000416,2.000802,35.454175,31.575288
RRTConnect,4,2,414345,4000000,0,first_solution,1.000,1,0.000572,0.000539,0.001111,34.984681,32.064032
PRMstar,4,2,414345,4000000,0,first_solution,1.000,1,5.007978,0.000458,5.008437,29.314110,25.103276
RRTstar,4,2,414345,4000000,0,first_solution,1.000,1,5.001394,0.000443,5.001837,28.239165,25.232090
BITstar,4,2,414345,4000000,0,first_solution,1.000,1,2.000332,0.000534,2.000866,37.528435,31.896855
RRTConnect,4,3,415345,4000000,0,first_solution,1.000,1,0.000435,0.000939,0.001374,38.288838,31.892581
PRMstar,4,3,415345,4000000,0,first_solution,1.000,1,5.010463,0.000358,5.010820,35.122182,31.831308
RRTstar,4,3,415345,4000000,0,first_solution,1.000,1,5.001045,0.000500,5.001545,34.743172,31.544563
BITstar,4,3,415345,4000000,0,first_solution,1.000,1,2.088744,0.000502,2.089245,36.280103,31.295772
RRTConnect,4,4,416345,4000000,0,first_solution,1.000,1,0.000955,0.000661,0.001616,35.935492,31.777545
PRMstar,4,4,416345,4000000,0,first_solution,1.000,1,5.007811,0.000472,5.008283,28.781631,25.211802
RRTstar,4,4,416345,4000000,0,first_solution,1.000,1,5.001234,0.000467,5.001700,27.818719,25.153701
BITstar,4,4,416345,4000000,0,first_solution,1.000,1,2.000305,0.000395,2.000701,34.617304,31.725288
RRTConnect,4,5,417345,4000000,0,first_solution,1.000,1,0.002982,0.000710,0.003692,36.804169,31.622634
PRMstar,4,5,417345,4000000,0,first_solution,1.000,1,5.005563,0.000328,5.005891,34.583738,32.284726
RRTstar,4,5,417345,4000000,0,first_solution,1.000,1,5.001966,0.000438,5.002404,33.927938,31.625319
BITstar,4,5,417345,4000000,0,first_solution,1.000,1,2.003257,0.000443,2.003699,35.194571,31.712622
RRTConnect,4,6,418345,4000000,0,first_solution,1.000,1,0.000804,0.000782,0.001586,37.320535,31.888334
PRMstar,4,6,418345,4000000,0,first_solution,1.000,1,5.006469,0.000438,5.006907,29.370249,25.179353
RRTstar,4,6,418345,4000000,0,first_solution,1.000,1,5.001859,0.000500,5.002358,26.781816,25.119132
BITstar,4,6,418345,4000000,0,first_solution,1.000,1,2.000330,0.002000,2.002330,28.870041,25.385922
RRTConnect,4,7,419345,4000000,0,first_solution,1.000,1,0.001549,0.000815,0.002365,36.166017,32.164366
PRMstar,4,7,419345,4000000,0,first_solution,1.000,1,5.007519,0.000469,5.007988,27.922125,25.139553
RRTstar,4,7,419345,4000000,0,first_solution,1.000,1,5.001538,0.000484,5.002022,27.120575,25.073490
BITstar,4,7,419345,4000000,0,first_solution,1.000,1,2.015708,0.000419,2.016126,34.547835,31.512569
RRTConnect,4,8,420345,4000000,0,first_solution,1.000,1,0.001553,0.000817,0.002370,36.207214,31.671287
PRMstar,4,8,420345,4000000,0,first_solution,1.000,1,5.006944,0.000489,5.007433,36.238674,31.793480
RRTstar,4,8,420345,4000000,0,first_solution,1.000,1,5.001097,0.000443,5.001540,27.211691,25.112609
BITstar,4,8,420345,4000000,0,first_solution,1.000,1,2.000348,0.000442,2.000790,35.102799,31.606008
RRTConnect,4,9,421345,4000000,0,first_solution,1.000,1,0.000497,0.000547,0.001045,36.438051,32.096111
PRMstar,4,9,421345,4000000,0,first_solution,1.000,1,5.007387,0.000436,5.007823,30.699776,25.786775
RRTstar,4,9,421345,4000000,0,first_solution,1.000,1,5.001327,0.000504,5.001831,28.001319,25.261649
BITstar,4,9,421345,4000000,0,first_solution,1.000,1,2.000319,0.000442,2.000761,36.259206,31.795854
RRTConnect,4,10,422345,4000000,0,first_solution,1.000,1,0.001402,0.000564,0.001966,35.609767,31.731361
PRMstar,4,10,422345,4000000,0,first_solution,1.000,1,5.008049,0.000449,5.008498,28.892676,25.133935
RRTstar,4,10,422345,4000000,0,first_solution,1.000,1,5.001997,0.000452,5.002449,28.156192,25.095993
BITstar,4,10,422345,4000000,0,first_solution,1.000,1,2.023584,0.000423,2.024007,28.913232,25.024112
RRTConnect,4,11,423345,4000000,0,first_solution,1.000,1,0.000765,0.000625,0.001390,36.248730,31.839848
PRMstar,4,11,423345,4000000,0,first_solution,1.000,1,5.008527,0.000412,5.008939,28.935487,25.202049
RRTstar,4,11,423345,4000000,0,first_solution,1.000,1,5.001273,0.000616,5.001889,28.809425,25.125137
BITstar,4,11,423345,4000000,0,first_solution,1.000,1,2.110879,0.000479,2.111358,29.944717,25.929412
RRTConnect,4,12,424345,4000000,0,first_solution,1.000,1,0.001223,0.000708,0.001931,36.257851,31.928652
PRMstar,4,12,424345,4000000,0,first_solution,1.000,1,5.008706,0.000451,5.009157,36.236335,31.922105
RRTstar,4,12,424345,4000000,0,first_solution,1.000,1,5.001532,0.000473,5.002004,27.738507,25.161053
BITstar,4,12,424345,4000000,0,first_solution,1.000,1,2.005520,0.000404,2.005923,35.022232,31.873783
RRTConnect,4,13,425345,4000000,0,first_solution,1.000,1,0.000636,0.000788,0.001424,35.291721,31.776950
PRMstar,4,13,425345,4000000,0,first_solution,1.000,1,5.007789,0.000425,5.008213,29.064156,25.426244
RRTstar,4,13,425345,4000000,0,first_solution,1.000,1,5.001819,0.000395,5.002214,33.054091,31.716573
BITstar,4,13,425345,4000000,0,first_solution,1.000,1,2.029215,0.000342,2.029557,28.676061,25.542897
RRTConnect,4,14,426345,4000000,0,first_solution,1.000,1,0.000712,0.000660,0.001372,37.628894,31.906659
PRMstar,4,14,426345,4000000,0,first_solution,1.000,1,5.005588,0.000348,5.005936,28.437837,25.184126
RRTstar,4,14,426345,4000000,0,first_solution,1.000,1,5.001489,0.000430,5.001919,27.638021,25.301118
BITstar,4,14,426345,4000000,0,first_solution,1.000,1,2.004703,0.000375,2.005077,35.161945,31.699974
RRTConnect,4,15,427345,4000000,0,first_solution,1.000,1,0.001528,0.000735,0.002263,37.164460,31.667446
PRMstar,4,15,427345,4000000,0,first_solution,1.000,1,5.007376,0.000532,5.007908,30.693014,25.425586
RRTstar,4,15,427345,4000000,0,first_solution,1.000,1,5.001525,0.000547,5.002072,34.575473,31.411253
BITstar,4,15,427345,4000000,0,first_solution,1.000,1,2.012987,0.000425,2.013412,36.513542,32.213052
RRTConnect,4,16,428345,4000000,0,first_solution,1.000,1,0.000516,0.000641,0.001157,36.295626,32.149814
PRMstar,4,16,428345,4000000,0,first_solution,1.000,1,5.007551,0.000471,5.008022,29.752584,25.130759
RRTstar,4,16,428345,4000000,0,first_solution,1.000,1,5.001302,0.000478,5.001780,29.477778,25.183057
BITstar,4,16,428345,4000000,0,first_solution,1.000,1,2.000318,0.000413,2.000731,28.709709,25.460965
RRTConnect,4,17,429345,4000000,0,first_solution,1.000,1,0.001536,0.000791,0.002327,38.006346,32.258749
PRMstar,4,17,429345,4000000,0,first_solution,1.000,1,5.014002,0.000505,5.014507,34.594276,31.722374
RRTstar,4,17,429345,4000000,0,first_solution,1.000,1,5.001413,0.000363,5.001775,27.824838,25.354655
BITstar,4,17,429345,4000000,0,first_solution,1.000,1,2.049151,0.000495,2.049646,37.651097,31.903271
RRTConnect,4,18,430345,4000000,0,first_solution,1.000,1,0.001684,0.000714,0.002398,35.910629,32.017395
PRMstar,4,18,430345,4000000,0,first_solution,1.000,1,5.007570,0.000388,5.007958,29.175673,25.074236
RRTstar,4,18,430345,4000000,0,first_solution,1.000,1,5.001987,0.000570,5.002556,28.567446,25.266933
BITstar,4,18,430345,4000000,0,first_solution,1.000,1,2.015411,0.000412,2.015823,34.666242,31.717901
RRTConnect,4,19,431345,4000000,0,first_solution,1.000,1,0.000785,0.000899,0.001684,37.443869,32.299711
PRMstar,4,19,431345,4000000,0,first_solution,1.000,1,5.007756,0.000288,5.008043,35.794084,32.472493
RRTstar,4,19,431345,4000000,0,first_solution,1.000,1,5.001397,0.000514,5.001910,33.489059,31.576956
BITstar,4,19,431345,4000000,0,first_solution,1.000,1,2.000318,0.000498,2.000816,36.716791,31.556282
